{
    "loss": 1.7522032260894775,
    "accuracy": 0.7241379022598267
}